{"color":{"brand main/piccolo":{"value":{"r":0.2862745225429535,"g":0.7019608020782471,"b":0.33725491166114807,"a":1}},"brand main/hit":{"value":{"r":0.2980392277240753,"g":0.3176470696926117,"b":0.3529411852359772,"a":1}},"brand main/beerus":{"value":{"r":0.21568627655506134,"g":0.239215686917305,"b":0.2705882489681244,"a":1}},"brand main/goku":{"value":{"r":0.10196078568696976,"g":0.12941177189350128,"b":0.16470588743686676,"a":1}},"brand main/gohan":{"value":{"r":0.1725490242242813,"g":0.19607843458652496,"b":0.22745098173618317,"a":1}},"brand main/bulma":{"value":{"r":1,"g":1,"b":1,"a":1}},"brand main/trunks":{"value":{"r":0.5529412031173706,"g":0.615686297416687,"b":0.658823549747467,"a":1}},"brand main/goten":{"value":{"r":1,"g":1,"b":1,"a":1}},"brand main/popo":{"value":{"r":0,"g":0,"b":0,"a":1}},"brand main/jiren":{"value":{"r":0.2862745225429535,"g":0.7019608020782471,"b":0.33725491166114807,"a":0.11999999731779099}},"brand main/heles":{"value":{"r":1,"g":1,"b":1,"a":0.03999999910593033}},"brand main/zeno":{"value":{"r":0.3137255012989044,"g":0.33725491166114807,"b":0.37254902720451355,"a":0.5600000023841858}},"brand supportive/krillin":{"value":{"r":0.9725490212440491,"g":0.7568627595901489,"b":0,"a":1}},"brand supportive/krillin-60":{"value":{"r":0.9725490212440491,"g":0.7568627595901489,"b":0,"a":0.5600000023841858}},"brand supportive/krillin-10":{"value":{"r":0.9725490212440491,"g":0.7568627595901489,"b":0,"a":0.11999999731779099}},"brand supportive/chichi":{"value":{"r":1,"g":0.30588236451148987,"b":0.3921568691730499,"a":1}},"brand supportive/chichi-60":{"value":{"r":1,"g":0.30588236451148987,"b":0.3921568691730499,"a":0.5600000023841858}},"brand supportive/chichi-10":{"value":{"r":1,"g":0.30588236451148987,"b":0.3921568691730499,"a":0.11999999731779099}},"brand supportive/roshi":{"value":{"r":0.0470588244497776,"g":0.8392156958580017,"b":0.3921568691730499,"a":1}},"brand supportive/roshi-60":{"value":{"r":0.0470588244497776,"g":0.8392156958580017,"b":0.3921568691730499,"a":0.5600000023841858}},"brand supportive/roshi-10":{"value":{"r":0.0470588244497776,"g":0.8392156958580017,"b":0.3921568691730499,"a":0.11999999731779099}},"brand supportive/dodoria":{"value":{"r":1,"g":0.5411764979362488,"b":0.003921568859368563,"a":1}},"brand supportive/dodoria-60":{"value":{"r":1,"g":0.5411764979362488,"b":0.003921568859368563,"a":0.5600000023841858}},"brand supportive/dodoria-10":{"value":{"r":1,"g":0.5411764979362488,"b":0.003921568859368563,"a":0.11999999731779099}},"brand supportive/cell":{"value":{"r":0.10588235408067703,"g":0.8235294222831726,"b":0.6039215922355652,"a":1}},"brand supportive/cell-60":{"value":{"r":0.10588235408067703,"g":0.8235294222831726,"b":0.6039215922355652,"a":0.5600000023841858}},"brand supportive/cell-10":{"value":{"r":0.10588235408067703,"g":0.8235294222831726,"b":0.6039215922355652,"a":0.11999999731779099}},"brand supportive/raditz":{"value":{"r":0.7019608020782471,"g":0.501960813999176,"b":0.29019609093666077,"a":1}},"brand supportive/raditz-60":{"value":{"r":0.7019608020782471,"g":0.501960813999176,"b":0.29019609093666077,"a":0.5600000023841858}},"brand supportive/raditz-10":{"value":{"r":0.7019608020782471,"g":0.501960813999176,"b":0.29019609093666077,"a":0.11999999731779099}},"brand supportive/whis":{"value":{"r":0.18039216101169586,"g":0.4117647111415863,"b":1,"a":1}},"brand supportive/whis-60":{"value":{"r":0.18039216101169586,"g":0.4117647111415863,"b":1,"a":0.5600000023841858}},"brand supportive/whis-10":{"value":{"r":0.18039216101169586,"g":0.4117647111415863,"b":1,"a":0.11999999731779099}},"brand supportive/frieza":{"value":{"r":0.43529412150382996,"g":0.23137255012989044,"b":1,"a":1}},"brand supportive/frieza-60":{"value":{"r":0.43529412150382996,"g":0.23137255012989044,"b":1,"a":0.5600000023841858}},"brand supportive/frieza-10":{"value":{"r":0.43529412150382996,"g":0.23137255012989044,"b":1,"a":0.11999999731779099}},"brand supportive/nappa":{"value":{"r":0,"g":0.5568627715110779,"b":0.6784313917160034,"a":1}},"brand supportive/nappa-60":{"value":{"r":0,"g":0.5568627715110779,"b":0.6784313917160034,"a":0.5600000023841858}},"brand supportive/nappa-10":{"value":{"r":0,"g":0.5568627715110779,"b":0.6784313917160034,"a":0.11999999731779099}},"black alpha/--mds-black-alpha-80":{"value":{"r":0,"g":0,"b":0,"a":0.07999999821186066}},"white alpha/--mds-white-alpha-80":{"value":{"r":1,"g":1,"b":1,"a":0.07999999821186066}},"crypto/btc":{"value":{"r":1,"g":0.6039215922355652,"b":0.12156862765550613,"a":1}},"crypto/trx":{"value":{"r":0.8980392217636108,"g":0.16078431904315948,"b":0.1921568661928177,"a":1}},"crypto/eth":{"value":{"r":0.46666666865348816,"g":0.2823529541492462,"b":0.9803921580314636,"a":1}},"crypto/ltc":{"value":{"r":0.2078431397676468,"g":0.4470588266849518,"b":0.8196078538894653,"a":1}},"crypto/xrp":{"value":{"r":0.14901961386203766,"g":0.1568627506494522,"b":0.19607843458652496,"a":1}},"crypto/usdt":{"value":{"r":0.14901961386203766,"g":0.6313725709915161,"b":0.48235294222831726,"a":1}},"crypto/ada":{"value":{"r":0.05098039284348488,"g":0.20392157137393951,"b":0.7686274647712708,"a":1}},"crypto/doge":{"value":{"r":0.7607843279838562,"g":0.6509804129600525,"b":0.20000000298023224,"a":1}},"crypto/bnb":{"value":{"r":0.9333333373069763,"g":0.6901960968971252,"b":0.054901961237192154,"a":1}},"crypto/matic":{"value":{"r":0.5098039507865906,"g":0.27843138575553894,"b":0.8980392217636108,"a":1}},"crypto/ton":{"value":{"r":0,"g":0.5333333611488342,"b":0.800000011920929,"a":1}},"crypto/usdc":{"value":{"r":0.15294118225574493,"g":0.4588235318660736,"b":0.7921568751335144,"a":1}},"crypto/binance":{"value":{"r":0.9333333373069763,"g":0.6901960968971252,"b":0.054901961237192154,"a":1}},"crypto/coinbase":{"value":{"r":0.0470588244497776,"g":0.3529411852359772,"b":1,"a":1}},"crypto/walletconnect":{"value":{"r":0,"g":0.43529412150382996,"b":1,"a":1}},"crypto/bct":{"value":{"r":0.9490196108818054,"g":0.3490196168422699,"b":0.05098039284348488,"a":1}},"white alpha/--mds-white-alpha-120":{"value":{"r":1,"g":1,"b":1,"a":0.11999999731779099}},"white alpha/--mds-white-alpha-160":{"value":{"r":1,"g":1,"b":1,"a":0.1599999964237213}},"white alpha/--mds-white-alpha-240":{"value":{"r":1,"g":1,"b":1,"a":0.23999999463558197}},"white alpha/--mds-white-alpha-320":{"value":{"r":1,"g":1,"b":1,"a":0.3199999928474426}},"white alpha/--mds-white-alpha-400":{"value":{"r":1,"g":1,"b":1,"a":0.4000000059604645}},"white alpha/--mds-white-alpha-480":{"value":{"r":1,"g":1,"b":1,"a":0.47999998927116394}},"white alpha/--mds-white-alpha-560":{"value":{"r":1,"g":1,"b":1,"a":0.5600000023841858}},"white alpha/--mds-white-alpha-640":{"value":{"r":1,"g":1,"b":1,"a":0.6399999856948853}},"white alpha/--mds-white-alpha-720":{"value":{"r":1,"g":1,"b":1,"a":0.7200000286102295}},"white alpha/--mds-white-alpha-800":{"value":{"r":1,"g":1,"b":1,"a":0.800000011920929}},"black alpha/--mds-black-alpha-160":{"value":{"r":0,"g":0,"b":0,"a":0.1599999964237213}},"black alpha/--mds-black-alpha-240":{"value":{"r":0,"g":0,"b":0,"a":0.23999999463558197}},"black alpha/--mds-black-alpha-320":{"value":{"r":0,"g":0,"b":0,"a":0.3199999928474426}},"black alpha/--mds-black-alpha-400":{"value":{"r":0,"g":0,"b":0,"a":0.4000000059604645}},"black alpha/--mds-black-alpha-480":{"value":{"r":0,"g":0,"b":0,"a":0.47999998927116394}},"black alpha/--mds-black-alpha-560":{"value":{"r":0,"g":0,"b":0,"a":0.5600000023841858}},"black alpha/--mds-black-alpha-640":{"value":{"r":0,"g":0,"b":0,"a":0.6399999856948853}},"black alpha/--mds-black-alpha-720":{"value":{"r":0,"g":0,"b":0,"a":0.7200000286102295}}}}