{"color":{"brand main/piccolo":{"value":{"r":0.6980392336845398,"g":0.572549045085907,"b":0.3960784375667572,"a":1}},"brand main/hit":{"value":{"r":0.3764705955982208,"g":0.3764705955982208,"b":0.3764705955982208,"a":1}},"brand main/beerus":{"value":{"r":0.32156863808631897,"g":0.3176470696926117,"b":0.3176470696926117,"a":1}},"brand main/goku":{"value":{"r":0.1568627506494522,"g":0.15294118225574493,"b":0.15294118225574493,"a":1}},"brand main/gohan":{"value":{"r":0.2235294133424759,"g":0.21960784494876862,"b":0.21960784494876862,"a":1}},"brand main/bulma":{"value":{"r":1,"g":1,"b":1,"a":1}},"brand main/trunks":{"value":{"r":0.5921568870544434,"g":0.572549045085907,"b":0.572549045085907,"a":1}},"brand main/goten":{"value":{"r":1,"g":1,"b":1,"a":1}},"brand main/popo":{"value":{"r":0,"g":0,"b":0,"a":1}},"brand main/jiren":{"value":{"r":0.6980392336845398,"g":0.572549045085907,"b":0.3960784375667572,"a":0.20000000298023224}},"brand main/heles":{"value":{"r":1,"g":1,"b":1,"a":0.11999999731779099}},"brand main/zeno":{"value":{"r":0,"g":0,"b":0,"a":0.3199999928474426}},"brand supportive/krillin":{"value":{"r":1,"g":0.5411764979362488,"b":0.003921568859368563,"a":1}},"brand supportive/krillin-60":{"value":{"r":1,"g":0.5411764979362488,"b":0.003921568859368563,"a":0.5600000023841858}},"brand supportive/krillin-10":{"value":{"r":1,"g":0.5411764979362488,"b":0.003921568859368563,"a":0.07999999821186066}},"brand supportive/chichi":{"value":{"r":1,"g":0.30588236451148987,"b":0.3921568691730499,"a":1}},"brand supportive/chichi-60":{"value":{"r":1,"g":0.30588236451148987,"b":0.3921568691730499,"a":0.5600000023841858}},"brand supportive/chichi-10":{"value":{"r":1,"g":0.30588236451148987,"b":0.3921568691730499,"a":0.07999999821186066}},"brand supportive/roshi":{"value":{"r":0.2862745225429535,"g":0.7019608020782471,"b":0.33725491166114807,"a":1}},"brand supportive/roshi-60":{"value":{"r":0.2862745225429535,"g":0.7019608020782471,"b":0.33725491166114807,"a":0.5600000023841858}},"brand supportive/roshi-10":{"value":{"r":0.2862745225429535,"g":0.7019608020782471,"b":0.33725491166114807,"a":0.07999999821186066}},"brand supportive/dodoria":{"value":{"r":0.7450980544090271,"g":0.3450980484485626,"b":0.25882354378700256,"a":1}},"brand supportive/dodoria-60":{"value":{"r":0.7450980544090271,"g":0.3450980484485626,"b":0.25882354378700256,"a":0.5600000023841858}},"brand supportive/dodoria-10":{"value":{"r":0.7450980544090271,"g":0.3450980484485626,"b":0.25882354378700256,"a":0.07999999821186066}},"brand supportive/cell":{"value":{"r":0.5843137502670288,"g":0.9450980424880981,"b":0.8352941274642944,"a":1}},"brand supportive/cell-60":{"value":{"r":0.5843137502670288,"g":0.9450980424880981,"b":0.8352941274642944,"a":0.5600000023841858}},"brand supportive/cell-10":{"value":{"r":0.5843137502670288,"g":0.9450980424880981,"b":0.8352941274642944,"a":0.07999999821186066}},"brand supportive/raditz":{"value":{"r":0.7019608020782471,"g":0.501960813999176,"b":0.29019609093666077,"a":1}},"brand supportive/raditz-60":{"value":{"r":0.7019608020782471,"g":0.501960813999176,"b":0.29019609093666077,"a":0.5600000023841858}},"brand supportive/raditz-10":{"value":{"r":0.7019608020782471,"g":0.501960813999176,"b":0.29019609093666077,"a":0.07999999821186066}},"brand supportive/whis":{"value":{"r":0.20392157137393951,"g":0.2823529541492462,"b":0.9411764740943909,"a":1}},"brand supportive/whis-60":{"value":{"r":0.20392157137393951,"g":0.2823529541492462,"b":0.9411764740943909,"a":0.5600000023841858}},"brand supportive/whis-10":{"value":{"r":0.20392157137393951,"g":0.2823529541492462,"b":0.9411764740943909,"a":0.07999999821186066}},"brand supportive/frieza":{"value":{"r":0.3607843220233917,"g":0.20000000298023224,"b":0.8117647171020508,"a":1}},"brand supportive/frieza-60":{"value":{"r":0.3607843220233917,"g":0.20000000298023224,"b":0.8117647171020508,"a":0.5600000023841858}},"brand supportive/frieza-10":{"value":{"r":0.3607843220233917,"g":0.20000000298023224,"b":0.8117647171020508,"a":0.07999999821186066}},"brand supportive/nappa":{"value":{"r":0,"g":0.5568627715110779,"b":0.6784313917160034,"a":1}},"brand supportive/nappa-60":{"value":{"r":0,"g":0.5568627715110779,"b":0.6784313917160034,"a":0.5600000023841858}},"brand supportive/nappa-10":{"value":{"r":0,"g":0.5568627715110779,"b":0.6784313917160034,"a":0.07999999821186066}}}}