{"color":{"brand main/piccolo":{"value":{"r":0.8392156958580017,"g":0.21568627655506134,"b":0.2549019753932953,"a":1}},"brand main/hit":{"value":{"r":0.7019608020782471,"g":0.7019608020782471,"b":0.7019608020782471,"a":1}},"brand main/beerus":{"value":{"r":0.8392156958580017,"g":0.8392156958580017,"b":0.8392156958580017,"a":1}},"brand main/goku":{"value":{"r":1,"g":1,"b":1,"a":1}},"brand main/gohan":{"value":{"r":0.9372549057006836,"g":0.9372549057006836,"b":0.9372549057006836,"a":1}},"brand main/bulma":{"value":{"r":0.13725490868091583,"g":0.13333334028720856,"b":0.13333334028720856,"a":1}},"brand main/trunks":{"value":{"r":0.5372549295425415,"g":0.5372549295425415,"b":0.5372549295425415,"a":1}},"brand main/goten":{"value":{"r":1,"g":1,"b":1,"a":1}},"brand main/popo":{"value":{"r":0,"g":0,"b":0,"a":1}},"brand main/jiren":{"value":{"r":0.8392156958580017,"g":0.21568627655506134,"b":0.2549019753932953,"a":0.11999999731779099}},"brand main/heles":{"value":{"r":0,"g":0,"b":0,"a":0.03999999910593033}},"brand main/zeno":{"value":{"r":0,"g":0,"b":0,"a":0.5600000023841858}},"brand supportive/krillin":{"value":{"r":1,"g":0.7019608020782471,"b":0.09803921729326248,"a":1}},"brand supportive/krillin-60":{"value":{"r":1,"g":0.7019608020782471,"b":0.09803921729326248,"a":0.5600000023841858}},"brand supportive/krillin-10":{"value":{"r":1,"g":0.7019608020782471,"b":0.09803921729326248,"a":0.07999999821186066}},"brand supportive/chichi":{"value":{"r":1,"g":0.30588236451148987,"b":0.3921568691730499,"a":1}},"brand supportive/chichi-60":{"value":{"r":1,"g":0.30588236451148987,"b":0.3921568691730499,"a":0.5600000023841858}},"brand supportive/chichi-10":{"value":{"r":1,"g":0.30588236451148987,"b":0.3921568691730499,"a":0.07999999821186066}},"brand supportive/roshi":{"value":{"r":0.18039216101169586,"g":0.4901960790157318,"b":0.19607843458652496,"a":1}},"brand supportive/roshi-60":{"value":{"r":0.18039216101169586,"g":0.4901960790157318,"b":0.19607843458652496,"a":0.5600000023841858}},"brand supportive/roshi-10":{"value":{"r":0.18039216101169586,"g":0.4901960790157318,"b":0.19607843458652496,"a":0.07999999821186066}},"brand supportive/dodoria":{"value":{"r":0.8274509906768799,"g":0.1882352977991104,"b":0.1882352977991104,"a":1}},"brand supportive/dodoria-60":{"value":{"r":0.8274509906768799,"g":0.1882352977991104,"b":0.1882352977991104,"a":0.5600000023841858}},"brand supportive/dodoria-10":{"value":{"r":0.8274509906768799,"g":0.1882352977991104,"b":0.1882352977991104,"a":0.07999999821186066}},"brand supportive/cell":{"value":{"r":0.5843137502670288,"g":0.9450980424880981,"b":0.8352941274642944,"a":1}},"brand supportive/cell-60":{"value":{"r":0.5843137502670288,"g":0.9450980424880981,"b":0.8352941274642944,"a":0.5600000023841858}},"brand supportive/cell-10":{"value":{"r":0.5843137502670288,"g":0.9450980424880981,"b":0.8352941274642944,"a":0.07999999821186066}},"brand supportive/raditz":{"value":{"r":0.7019608020782471,"g":0.501960813999176,"b":0.29019609093666077,"a":1}},"brand supportive/raditz-60":{"value":{"r":0.7019608020782471,"g":0.501960813999176,"b":0.29019609093666077,"a":0.5600000023841858}},"brand supportive/raditz-10":{"value":{"r":0.7019608020782471,"g":0.501960813999176,"b":0.29019609093666077,"a":0.07999999821186066}},"brand supportive/whis":{"value":{"r":0.20392157137393951,"g":0.2823529541492462,"b":0.9411764740943909,"a":1}},"brand supportive/whis-60":{"value":{"r":0.20392157137393951,"g":0.2823529541492462,"b":0.9411764740943909,"a":0.5600000023841858}},"brand supportive/whis-10":{"value":{"r":0.20392157137393951,"g":0.2823529541492462,"b":0.9411764740943909,"a":0.07999999821186066}},"brand supportive/frieza":{"value":{"r":0.3607843220233917,"g":0.20000000298023224,"b":0.8117647171020508,"a":1}},"brand supportive/frieza-60":{"value":{"r":0.3607843220233917,"g":0.20000000298023224,"b":0.8117647171020508,"a":0.5600000023841858}},"brand supportive/frieza-10":{"value":{"r":0.3607843220233917,"g":0.20000000298023224,"b":0.8117647171020508,"a":0.07999999821186066}},"brand supportive/nappa":{"value":{"r":0.4470588266849518,"g":0.3333333432674408,"b":0.3137255012989044,"a":1}},"brand supportive/nappa-60":{"value":{"r":0.4470588266849518,"g":0.3333333432674408,"b":0.3137255012989044,"a":0.5600000023841858}},"brand supportive/nappa-10":{"value":{"r":0.4470588266849518,"g":0.3333333432674408,"b":0.3137255012989044,"a":0.07999999821186066}},"black alpha/--mds-black-alpha-80":{"value":{"r":0,"g":0,"b":0,"a":0.07999999821186066}},"white alpha/--mds-white-alpha-80":{"value":{"r":1,"g":1,"b":1,"a":0.07999999821186066}},"crypto/btc":{"value":{"r":1,"g":0.6039215922355652,"b":0.12156862765550613,"a":1}},"crypto/trx":{"value":{"r":0.8980392217636108,"g":0.16078431904315948,"b":0.1921568661928177,"a":1}},"crypto/eth":{"value":{"r":0.46666666865348816,"g":0.2823529541492462,"b":0.9803921580314636,"a":1}},"crypto/ltc":{"value":{"r":0.2078431397676468,"g":0.4470588266849518,"b":0.8196078538894653,"a":1}},"crypto/xrp":{"value":{"r":0.14901961386203766,"g":0.1568627506494522,"b":0.19607843458652496,"a":1}},"crypto/usdt":{"value":{"r":0.14901961386203766,"g":0.6313725709915161,"b":0.48235294222831726,"a":1}},"crypto/ada":{"value":{"r":0.05098039284348488,"g":0.20392157137393951,"b":0.7686274647712708,"a":1}},"crypto/doge":{"value":{"r":0.7607843279838562,"g":0.6509804129600525,"b":0.20000000298023224,"a":1}},"crypto/bnb":{"value":{"r":0.9333333373069763,"g":0.6901960968971252,"b":0.054901961237192154,"a":1}},"crypto/matic":{"value":{"r":0.5098039507865906,"g":0.27843138575553894,"b":0.8980392217636108,"a":1}},"crypto/ton":{"value":{"r":0,"g":0.5333333611488342,"b":0.800000011920929,"a":1}},"crypto/usdc":{"value":{"r":0.15294118225574493,"g":0.4588235318660736,"b":0.7921568751335144,"a":1}},"crypto/binance":{"value":{"r":0.9333333373069763,"g":0.6901960968971252,"b":0.054901961237192154,"a":1}},"crypto/coinbase":{"value":{"r":0.0470588244497776,"g":0.3529411852359772,"b":1,"a":1}},"crypto/walletconnect":{"value":{"r":0,"g":0.43529412150382996,"b":1,"a":1}},"crypto/bct":{"value":{"r":0.9490196108818054,"g":0.3490196168422699,"b":0.05098039284348488,"a":1}},"white alpha/--mds-white-alpha-120":{"value":{"r":1,"g":1,"b":1,"a":0.11999999731779099}},"white alpha/--mds-white-alpha-160":{"value":{"r":1,"g":1,"b":1,"a":0.1599999964237213}},"white alpha/--mds-white-alpha-240":{"value":{"r":1,"g":1,"b":1,"a":0.23999999463558197}},"white alpha/--mds-white-alpha-320":{"value":{"r":1,"g":1,"b":1,"a":0.3199999928474426}},"white alpha/--mds-white-alpha-400":{"value":{"r":1,"g":1,"b":1,"a":0.4000000059604645}},"white alpha/--mds-white-alpha-480":{"value":{"r":1,"g":1,"b":1,"a":0.47999998927116394}},"white alpha/--mds-white-alpha-560":{"value":{"r":1,"g":1,"b":1,"a":0.5600000023841858}},"white alpha/--mds-white-alpha-640":{"value":{"r":1,"g":1,"b":1,"a":0.6399999856948853}},"white alpha/--mds-white-alpha-720":{"value":{"r":1,"g":1,"b":1,"a":0.7200000286102295}},"white alpha/--mds-white-alpha-800":{"value":{"r":1,"g":1,"b":1,"a":0.800000011920929}},"black alpha/--mds-black-alpha-160":{"value":{"r":0,"g":0,"b":0,"a":0.1599999964237213}},"black alpha/--mds-black-alpha-240":{"value":{"r":0,"g":0,"b":0,"a":0.23999999463558197}},"black alpha/--mds-black-alpha-320":{"value":{"r":0,"g":0,"b":0,"a":0.3199999928474426}},"black alpha/--mds-black-alpha-400":{"value":{"r":0,"g":0,"b":0,"a":0.4000000059604645}},"black alpha/--mds-black-alpha-480":{"value":{"r":0,"g":0,"b":0,"a":0.47999998927116394}},"black alpha/--mds-black-alpha-560":{"value":{"r":0,"g":0,"b":0,"a":0.5600000023841858}},"black alpha/--mds-black-alpha-640":{"value":{"r":0,"g":0,"b":0,"a":0.6399999856948853}},"black alpha/--mds-black-alpha-720":{"value":{"r":0,"g":0,"b":0,"a":0.7200000286102295}}}}