{"color":{"brand main/piccolo":{"value":{"r":0.2862745225429535,"g":0.7019608020782471,"b":0.33725491166114807,"a":1}},"brand main/hit":{"value":{"r":0.9686274528503418,"g":0.9686274528503418,"b":0.9686274528503418,"a":1}},"brand main/beerus":{"value":{"r":0.8784313797950745,"g":0.8901960849761963,"b":0.8980392217636108,"a":1}},"brand main/goku":{"value":{"r":1,"g":1,"b":1,"a":1}},"brand main/gohan":{"value":{"r":0.95686274766922,"g":0.9607843160629272,"b":0.9647058844566345,"a":1}},"brand main/bulma":{"value":{"r":0.10196078568696976,"g":0.12941177189350128,"b":0.16470588743686676,"a":1}},"brand main/trunks":{"value":{"r":0.38823530077934265,"g":0.4431372582912445,"b":0.48235294222831726,"a":1}},"brand main/goten":{"value":{"r":1,"g":1,"b":1,"a":1}},"brand main/popo":{"value":{"r":0,"g":0,"b":0,"a":1}},"brand main/jiren":{"value":{"r":0.2862745225429535,"g":0.7019608020782471,"b":0.33725491166114807,"a":0.11999999731779099}},"brand main/heles":{"value":{"r":0.21568627655506134,"g":0.239215686917305,"b":0.2705882489681244,"a":0.03999999910593033}},"brand main/zeno":{"value":{"r":0.09803921729326248,"g":0.11764705926179886,"b":0.14509804546833038,"a":0.5600000023841858}},"brand supportive/krillin":{"value":{"r":0.9725490212440491,"g":0.7568627595901489,"b":0,"a":1}},"brand supportive/krillin-60":{"value":{"r":0.9725490212440491,"g":0.7568627595901489,"b":0,"a":0.5600000023841858}},"brand supportive/krillin-10":{"value":{"r":0.9725490212440491,"g":0.7568627595901489,"b":0,"a":0.11999999731779099}},"brand supportive/chichi":{"value":{"r":1,"g":0.30588236451148987,"b":0.3921568691730499,"a":1}},"brand supportive/chichi-60":{"value":{"r":1,"g":0.30588236451148987,"b":0.3921568691730499,"a":0.5600000023841858}},"brand supportive/chichi-10":{"value":{"r":1,"g":0.30588236451148987,"b":0.3921568691730499,"a":0.11999999731779099}},"brand supportive/roshi":{"value":{"r":0.0470588244497776,"g":0.8392156958580017,"b":0.3921568691730499,"a":1}},"brand supportive/roshi-60":{"value":{"r":0.0470588244497776,"g":0.8392156958580017,"b":0.3921568691730499,"a":0.5600000023841858}},"brand supportive/roshi-10":{"value":{"r":0.0470588244497776,"g":0.8392156958580017,"b":0.3921568691730499,"a":0.11999999731779099}},"brand supportive/dodoria":{"value":{"r":1,"g":0.5411764979362488,"b":0.003921568859368563,"a":1}},"brand supportive/dodoria-60":{"value":{"r":1,"g":0.5411764979362488,"b":0.003921568859368563,"a":0.5600000023841858}},"brand supportive/dodoria-10":{"value":{"r":1,"g":0.5411764979362488,"b":0.003921568859368563,"a":0.11999999731779099}},"brand supportive/cell":{"value":{"r":0.10588235408067703,"g":0.8235294222831726,"b":0.6039215922355652,"a":1}},"brand supportive/cell-60":{"value":{"r":0.10588235408067703,"g":0.8235294222831726,"b":0.6039215922355652,"a":0.5600000023841858}},"brand supportive/cell-10":{"value":{"r":0.10588235408067703,"g":0.8235294222831726,"b":0.6039215922355652,"a":0.11999999731779099}},"brand supportive/raditz":{"value":{"r":0.7019608020782471,"g":0.501960813999176,"b":0.29019609093666077,"a":1}},"brand supportive/raditz-60":{"value":{"r":0.7019608020782471,"g":0.501960813999176,"b":0.29019609093666077,"a":0.5600000023841858}},"brand supportive/raditz-10":{"value":{"r":0.7019608020782471,"g":0.501960813999176,"b":0.29019609093666077,"a":0.11999999731779099}},"brand supportive/whis":{"value":{"r":0.18039216101169586,"g":0.4117647111415863,"b":1,"a":1}},"brand supportive/whis-60":{"value":{"r":0.18039216101169586,"g":0.4117647111415863,"b":1,"a":0.5600000023841858}},"brand supportive/whis-10":{"value":{"r":0.18039216101169586,"g":0.4117647111415863,"b":1,"a":0.11999999731779099}},"brand supportive/frieza":{"value":{"r":0.43529412150382996,"g":0.23137255012989044,"b":1,"a":1}},"brand supportive/frieza-60":{"value":{"r":0.43529412150382996,"g":0.23137255012989044,"b":1,"a":0.5600000023841858}},"brand supportive/frieza-10":{"value":{"r":0.43529412150382996,"g":0.23137255012989044,"b":1,"a":0.11999999731779099}},"brand supportive/nappa":{"value":{"r":0,"g":0.5568627715110779,"b":0.6784313917160034,"a":1}},"brand supportive/nappa-60":{"value":{"r":0,"g":0.5568627715110779,"b":0.6784313917160034,"a":0.5600000023841858}},"brand supportive/nappa-10":{"value":{"r":0,"g":0.5568627715110779,"b":0.6784313917160034,"a":0.11999999731779099}}}}