{"color":{"brand main/piccolo":{"value":{"r":0.8392156958580017,"g":0.21568627655506134,"b":0.2549019753932953,"a":1}},"brand main/hit":{"value":{"r":1,"g":1,"b":1,"a":1}},"brand main/beerus":{"value":{"r":0.8784313797950745,"g":0.8784313797950745,"b":0.8784313797950745,"a":1}},"brand main/goku":{"value":{"r":1,"g":1,"b":1,"a":1}},"brand main/gohan":{"value":{"r":0.9490196108818054,"g":0.9490196108818054,"b":0.9490196108818054,"a":1}},"brand main/bulma":{"value":{"r":0.10588235408067703,"g":0.0784313753247261,"b":0.0784313753247261,"a":1}},"brand main/trunks":{"value":{"r":0.5215686559677124,"g":0.5215686559677124,"b":0.5215686559677124,"a":1}},"brand main/goten":{"value":{"r":1,"g":1,"b":1,"a":1}},"brand main/popo":{"value":{"r":0,"g":0,"b":0,"a":1}},"brand main/jiren":{"value":{"r":0.8392156958580017,"g":0.21568627655506134,"b":0.2549019753932953,"a":0.11999999731779099}},"brand main/heles":{"value":{"r":0,"g":0,"b":0,"a":0.03999999910593033}},"brand main/zeno":{"value":{"r":0,"g":0,"b":0,"a":0.5600000023841858}},"brand supportive/krillin":{"value":{"r":1,"g":0.7019608020782471,"b":0.09803921729326248,"a":1}},"brand supportive/krillin-60":{"value":{"r":1,"g":0.7960784435272217,"b":0.38823530077934265,"a":0.5600000023841858}},"brand supportive/krillin-10":{"value":{"r":1,"g":0.7960784435272217,"b":0.38823530077934265,"a":0.07999999821186066}},"brand supportive/chichi":{"value":{"r":1,"g":0.30588236451148987,"b":0.3921568691730499,"a":1}},"brand supportive/chichi-60":{"value":{"r":1,"g":0.30588236451148987,"b":0.3921568691730499,"a":0.5600000023841858}},"brand supportive/chichi-10":{"value":{"r":1,"g":0.30588236451148987,"b":0.3921568691730499,"a":0.07999999821186066}},"brand supportive/roshi":{"value":{"r":0.0470588244497776,"g":0.8392156958580017,"b":0.3921568691730499,"a":1}},"brand supportive/roshi-60":{"value":{"r":0.0470588244497776,"g":0.8392156958580017,"b":0.3921568691730499,"a":0.5600000023841858}},"brand supportive/roshi-10":{"value":{"r":0.0470588244497776,"g":0.8392156958580017,"b":0.3921568691730499,"a":0.07999999821186066}},"brand supportive/dodoria":{"value":{"r":0.8274509906768799,"g":0.1882352977991104,"b":0.1882352977991104,"a":1}},"brand supportive/dodoria-60":{"value":{"r":0.8274509906768799,"g":0.1882352977991104,"b":0.1882352977991104,"a":0.5600000023841858}},"brand supportive/dodoria-10":{"value":{"r":0.8274509906768799,"g":0.1882352977991104,"b":0.1882352977991104,"a":0.07999999821186066}},"brand supportive/cell":{"value":{"r":0.03921568766236305,"g":0.7176470756530762,"b":0.3450980484485626,"a":1}},"brand supportive/cell-60":{"value":{"r":0.03921568766236305,"g":0.7176470756530762,"b":0.3450980484485626,"a":0.5600000023841858}},"brand supportive/cell-10":{"value":{"r":0.03921568766236305,"g":0.7176470756530762,"b":0.3450980484485626,"a":0.07999999821186066}},"brand supportive/raditz":{"value":{"r":0.7019608020782471,"g":0.501960813999176,"b":0.29019609093666077,"a":1}},"brand supportive/raditz-60":{"value":{"r":0.7019608020782471,"g":0.501960813999176,"b":0.29019609093666077,"a":0.5600000023841858}},"brand supportive/raditz-10":{"value":{"r":0.7019608020782471,"g":0.501960813999176,"b":0.29019609093666077,"a":0.07999999821186066}},"brand supportive/whis":{"value":{"r":0.18039216101169586,"g":0.4117647111415863,"b":1,"a":1}},"brand supportive/whis-60":{"value":{"r":0.18039216101169586,"g":0.4117647111415863,"b":1,"a":0.5600000023841858}},"brand supportive/whis-10":{"value":{"r":0.18039216101169586,"g":0.4117647111415863,"b":1,"a":0.07999999821186066}},"brand supportive/frieza":{"value":{"r":0.3607843220233917,"g":0.20000000298023224,"b":0.8117647171020508,"a":1}},"brand supportive/frieza-60":{"value":{"r":0.3607843220233917,"g":0.20000000298023224,"b":0.8117647171020508,"a":0.5600000023841858}},"brand supportive/frieza-10":{"value":{"r":0.3607843220233917,"g":0.20000000298023224,"b":0.8117647171020508,"a":0.07999999821186066}},"brand supportive/nappa":{"value":{"r":0.4470588266849518,"g":0.3333333432674408,"b":0.3137255012989044,"a":1}},"brand supportive/nappa-60":{"value":{"r":0.4470588266849518,"g":0.3333333432674408,"b":0.3137255012989044,"a":0.5600000023841858}},"brand supportive/nappa-10":{"value":{"r":0.4470588266849518,"g":0.3333333432674408,"b":0.3137255012989044,"a":0.07999999821186066}}}}