{"color":{"brand main/piccolo":{"value":{"r":1,"g":1,"b":1,"a":1}},"brand main/hit":{"value":{"r":0.0784313753247261,"g":0.0784313753247261,"b":0.0784313753247261,"a":1}},"brand main/beerus":{"value":{"r":0.19607843458652496,"g":0.20000000298023224,"b":0.20392157137393951,"a":1}},"brand main/goku":{"value":{"r":0.11372549086809158,"g":0.11372549086809158,"b":0.11372549086809158,"a":1}},"brand main/gohan":{"value":{"r":0.0784313753247261,"g":0.0784313753247261,"b":0.0784313753247261,"a":1}},"brand main/bulma":{"value":{"r":1,"g":1,"b":1,"a":1}},"brand main/trunks":{"value":{"r":0.5372549295425415,"g":0.5529412031173706,"b":0.5803921818733215,"a":1}},"brand main/goten":{"value":{"r":1,"g":1,"b":1,"a":1}},"brand main/popo":{"value":{"r":0,"g":0,"b":0,"a":1}},"brand main/jiren":{"value":{"r":1,"g":1,"b":1,"a":0.10000000149011612}},"brand main/heles":{"value":{"r":1,"g":1,"b":1,"a":0.10000000149011612}},"brand main/zeno":{"value":{"r":0.0784313753247261,"g":0.0784313753247261,"b":0.0784313753247261,"a":0.5600000023841858}},"brand supportive/krillin":{"value":{"r":1,"g":0.7019608020782471,"b":0.09803921729326248,"a":1}},"brand supportive/krillin-60":{"value":{"r":1,"g":0.7019608020782471,"b":0.09803921729326248,"a":0.5600000023841858}},"brand supportive/krillin-10":{"value":{"r":1,"g":0.7019608020782471,"b":0.09803921729326248,"a":0.07999999821186066}},"brand supportive/chichi":{"value":{"r":1,"g":0.30588236451148987,"b":0.3921568691730499,"a":1}},"brand supportive/chichi-60":{"value":{"r":1,"g":0.30588236451148987,"b":0.3921568691730499,"a":0.5600000023841858}},"brand supportive/chichi-10":{"value":{"r":1,"g":0.30588236451148987,"b":0.3921568691730499,"a":0.07999999821186066}},"brand supportive/roshi":{"value":{"r":0.18039216101169586,"g":0.4901960790157318,"b":0.19607843458652496,"a":1}},"brand supportive/roshi-60":{"value":{"r":0.18039216101169586,"g":0.4901960790157318,"b":0.19607843458652496,"a":0.5600000023841858}},"brand supportive/roshi-10":{"value":{"r":0.18039216101169586,"g":0.4901960790157318,"b":0.19607843458652496,"a":0.07999999821186066}},"brand supportive/dodoria":{"value":{"r":0.6823529601097107,"g":0.5098039507865906,"b":0.30588236451148987,"a":1}},"brand supportive/dodoria-60":{"value":{"r":0.6823529601097107,"g":0.5098039507865906,"b":0.30588236451148987,"a":0.5600000023841858}},"brand supportive/dodoria-10":{"value":{"r":0.6823529601097107,"g":0.5098039507865906,"b":0.30588236451148987,"a":0.07999999821186066}},"brand supportive/cell":{"value":{"r":0.4000000059604645,"g":0.40392157435417175,"b":0.4313725531101227,"a":1}},"brand supportive/cell-60":{"value":{"r":0.4000000059604645,"g":0.40392157435417175,"b":0.4313725531101227,"a":0.5600000023841858}},"brand supportive/cell-10":{"value":{"r":0.4000000059604645,"g":0.40392157435417175,"b":0.4313725531101227,"a":0.07999999821186066}},"brand supportive/raditz":{"value":{"r":0.6431372761726379,"g":0.48627451062202454,"b":0.42352941632270813,"a":1}},"brand supportive/raditz-60":{"value":{"r":0.6431372761726379,"g":0.48627451062202454,"b":0.42352941632270813,"a":0.5600000023841858}},"brand supportive/raditz-10":{"value":{"r":0.6431372761726379,"g":0.48627451062202454,"b":0.42352941632270813,"a":0.07999999821186066}},"brand supportive/whis":{"value":{"r":0.6941176652908325,"g":0.615686297416687,"b":0.4901960790157318,"a":1}},"brand supportive/whis-60":{"value":{"r":0.6941176652908325,"g":0.615686297416687,"b":0.4901960790157318,"a":0.5600000023841858}},"brand supportive/whis-10":{"value":{"r":0.6941176652908325,"g":0.615686297416687,"b":0.4901960790157318,"a":0.07999999821186066}},"brand supportive/frieza":{"value":{"r":0.6196078658103943,"g":0.5882353186607361,"b":0.5647059082984924,"a":1}},"brand supportive/frieza-60":{"value":{"r":0.6196078658103943,"g":0.5882353186607361,"b":0.5647059082984924,"a":0.5600000023841858}},"brand supportive/frieza-10":{"value":{"r":0.6196078658103943,"g":0.5882353186607361,"b":0.5647059082984924,"a":0.07999999821186066}},"brand supportive/nappa":{"value":{"r":0.8039215803146362,"g":0.7019608020782471,"b":0.3960784375667572,"a":1}},"brand supportive/nappa-60":{"value":{"r":0.8039215803146362,"g":0.7019608020782471,"b":0.3960784375667572,"a":0.5600000023841858}},"brand supportive/nappa-10":{"value":{"r":0.4470588266849518,"g":0.3333333432674408,"b":0.3137255012989044,"a":0.07999999821186066}}}}