{"color":{"brand main/piccolo":{"value":{"r":0.3607843220233917,"g":0.20000000298023224,"b":0.8117647171020508,"a":1}},"brand main/hit":{"value":{"r":0.10588235408067703,"g":0.8235294222831726,"b":0.6039215922355652,"a":1}},"brand main/beerus":{"value":{"r":0.8627451062202454,"g":0.8705882430076599,"b":0.8901960849761963,"a":1}},"brand main/goku":{"value":{"r":1,"g":1,"b":1,"a":1}},"brand main/gohan":{"value":{"r":0.963699996471405,"g":0.969789981842041,"b":0.976300060749054,"a":1}},"brand main/bulma":{"value":{"r":0,"g":0,"b":0,"a":1}},"brand main/trunks":{"value":{"r":0.40784314274787903,"g":0.43921568989753723,"b":0.5137255191802979,"a":1}},"brand main/goten":{"value":{"r":1,"g":1,"b":1,"a":1}},"brand main/popo":{"value":{"r":0,"g":0,"b":0,"a":1}},"brand main/jiren":{"value":{"r":0.3607843220233917,"g":0.20000000298023224,"b":0.8117647171020508,"a":0.11999999731779099}},"brand main/heles":{"value":{"r":0,"g":0,"b":0,"a":0.03999999910593033}},"brand main/zeno":{"value":{"r":0,"g":0,"b":0,"a":0.5600000023841858}},"brand supportive/krillin":{"value":{"r":1,"g":0.7019608020782471,"b":0.09803921729326248,"a":1}},"brand supportive/krillin-60":{"value":{"r":1,"g":0.7019608020782471,"b":0.09803921729326248,"a":0.5600000023841858}},"brand supportive/krillin-10":{"value":{"r":1,"g":0.7019608020782471,"b":0.09803921729326248,"a":0.07999999821186066}},"brand supportive/chichi":{"value":{"r":1,"g":0.30588236451148987,"b":0.3921568691730499,"a":1}},"brand supportive/chichi-60":{"value":{"r":1,"g":0.30588236451148987,"b":0.3921568691730499,"a":0.5600000023841858}},"brand supportive/chichi-10":{"value":{"r":1,"g":0.30588236451148987,"b":0.3921568691730499,"a":0.07999999821186066}},"brand supportive/roshi":{"value":{"r":0.2862745225429535,"g":0.7019608020782471,"b":0.33725491166114807,"a":1}},"brand supportive/roshi-60":{"value":{"r":0.2862745225429535,"g":0.7019608020782471,"b":0.33725491166114807,"a":0.5600000023841858}},"brand supportive/roshi-10":{"value":{"r":0.2862745225429535,"g":0.7019608020782471,"b":0.33725491166114807,"a":0.07999999821186066}},"brand supportive/dodoria":{"value":{"r":0.8274509906768799,"g":0.1882352977991104,"b":0.1882352977991104,"a":1}},"brand supportive/dodoria-60":{"value":{"r":0.8274509906768799,"g":0.1882352977991104,"b":0.1882352977991104,"a":0.5600000023841858}},"brand supportive/dodoria-10":{"value":{"r":0.8274509906768799,"g":0.1882352977991104,"b":0.1882352977991104,"a":0.07999999821186066}},"brand supportive/cell":{"value":{"r":0.5843137502670288,"g":0.9450980424880981,"b":0.8352941274642944,"a":1}},"brand supportive/cell-60":{"value":{"r":0.5843137502670288,"g":0.9450980424880981,"b":0.8352941274642944,"a":0.5600000023841858}},"brand supportive/cell-10":{"value":{"r":0.5843137502670288,"g":0.9450980424880981,"b":0.8352941274642944,"a":0.07999999821186066}},"brand supportive/raditz":{"value":{"r":0.7019608020782471,"g":0.501960813999176,"b":0.29019609093666077,"a":1}},"brand supportive/raditz-60":{"value":{"r":0.7019608020782471,"g":0.501960813999176,"b":0.29019609093666077,"a":0.5600000023841858}},"brand supportive/raditz-10":{"value":{"r":0.7019608020782471,"g":0.501960813999176,"b":0.29019609093666077,"a":0.07999999821186066}},"brand supportive/whis":{"value":{"r":0.20392157137393951,"g":0.2823529541492462,"b":0.9411764740943909,"a":1}},"brand supportive/whis-60":{"value":{"r":0.20392157137393951,"g":0.2823529541492462,"b":0.9411764740943909,"a":0.5600000023841858}},"brand supportive/whis-10":{"value":{"r":0.20392157137393951,"g":0.2823529541492462,"b":0.9411764740943909,"a":0.07999999821186066}},"brand supportive/frieza":{"value":{"r":0.3607843220233917,"g":0.20000000298023224,"b":0.8117647171020508,"a":1}},"brand supportive/frieza-60":{"value":{"r":0.3607843220233917,"g":0.20000000298023224,"b":0.8117647171020508,"a":0.5600000023841858}},"brand supportive/frieza-10":{"value":{"r":0.3607843220233917,"g":0.20000000298023224,"b":0.8117647171020508,"a":0.07999999821186066}},"brand supportive/nappa":{"value":{"r":0.4470588266849518,"g":0.3333333432674408,"b":0.3137255012989044,"a":1}},"brand supportive/nappa-60":{"value":{"r":0.4470588266849518,"g":0.3333333432674408,"b":0.3137255012989044,"a":0.5600000023841858}},"brand supportive/nappa-10":{"value":{"r":0.4470588266849518,"g":0.3333333432674408,"b":0.3137255012989044,"a":0.07999999821186066}},"color/main/beerus":{"value":{"r":0.886274516582489,"g":0.886274516582489,"b":0.886274516582489,"a":1}},"color/main/gohan":{"value":{"r":1,"g":1,"b":1,"a":1}},"color/main/bulma":{"value":{"r":0,"g":0,"b":0,"a":1}},"color/main/goten":{"value":{"r":1,"g":1,"b":1,"a":1}}}}