{"color":{"brand main/piccolo":{"value":{"r":1,"g":0.14509804546833038,"b":0.658823549747467,"a":1}},"brand main/hit":{"value":{"r":0.7215686440467834,"g":0.6509804129600525,"b":1,"a":1}},"brand main/beerus":{"value":{"r":0.3960784375667572,"g":0.29019609093666077,"b":0.8078431487083435,"a":1}},"brand main/goku":{"value":{"r":0.08235294371843338,"g":0.0235294122248888,"b":0.30980393290519714,"a":1}},"brand main/gohan":{"value":{"r":0.2823529541492462,"g":0.1568627506494522,"b":0.772549033164978,"a":1}},"brand main/bulma":{"value":{"r":1,"g":1,"b":1,"a":1}},"brand main/trunks":{"value":{"r":0.7843137383460999,"g":0.7450980544090271,"b":0.9333333373069763,"a":1}},"brand main/goten":{"value":{"r":1,"g":1,"b":1,"a":1}},"brand main/popo":{"value":{"r":0,"g":0,"b":0,"a":1}},"brand main/jiren":{"value":{"r":1,"g":0.14509804546833038,"b":0.658823549747467,"a":0.11999999731779099}},"brand main/heles":{"value":{"r":0,"g":0,"b":0,"a":0.07999999821186066}},"brand main/zeno":{"value":{"r":0,"g":0,"b":0,"a":0.5600000023841858}},"brand supportive/krillin":{"value":{"r":1,"g":0.7019608020782471,"b":0.09803921729326248,"a":1}},"brand supportive/krillin-60":{"value":{"r":1,"g":0.7019608020782471,"b":0.09803921729326248,"a":0.5600000023841858}},"brand supportive/krillin-10":{"value":{"r":1,"g":0.7019608020782471,"b":0.09803921729326248,"a":0.07999999821186066}},"brand supportive/chichi":{"value":{"r":1,"g":0.30588236451148987,"b":0.3921568691730499,"a":1}},"brand supportive/chichi-60":{"value":{"r":1,"g":0.30588236451148987,"b":0.3921568691730499,"a":0.5600000023841858}},"brand supportive/chichi-10":{"value":{"r":1,"g":0.30588236451148987,"b":0.3921568691730499,"a":0.07999999821186066}},"brand supportive/roshi":{"value":{"r":0.18039216101169586,"g":0.4901960790157318,"b":0.19607843458652496,"a":1}},"brand supportive/roshi-60":{"value":{"r":0.18039216101169586,"g":0.4901960790157318,"b":0.19607843458652496,"a":0.5600000023841858}},"brand supportive/roshi-10":{"value":{"r":0.18039216101169586,"g":0.4901960790157318,"b":0.19607843458652496,"a":0.07999999821186066}},"brand supportive/dodoria":{"value":{"r":0.8274509906768799,"g":0.1882352977991104,"b":0.1882352977991104,"a":1}},"brand supportive/dodoria-60":{"value":{"r":0.8274509906768799,"g":0.1882352977991104,"b":0.1882352977991104,"a":0.5600000023841858}},"brand supportive/dodoria-10":{"value":{"r":0.8274509906768799,"g":0.1882352977991104,"b":0.1882352977991104,"a":0.07999999821186066}},"brand supportive/cell":{"value":{"r":0.5843137502670288,"g":0.9450980424880981,"b":0.8352941274642944,"a":1}},"brand supportive/cell-60":{"value":{"r":0.5843137502670288,"g":0.9450980424880981,"b":0.8352941274642944,"a":0.5600000023841858}},"brand supportive/cell-10":{"value":{"r":0.5843137502670288,"g":0.9450980424880981,"b":0.8352941274642944,"a":0.07999999821186066}},"brand supportive/raditz":{"value":{"r":0.7019608020782471,"g":0.501960813999176,"b":0.29019609093666077,"a":1}},"brand supportive/raditz-60":{"value":{"r":0.7019608020782471,"g":0.501960813999176,"b":0.29019609093666077,"a":0.5600000023841858}},"brand supportive/raditz-10":{"value":{"r":0.7019608020782471,"g":0.501960813999176,"b":0.29019609093666077,"a":0.07999999821186066}},"brand supportive/whis":{"value":{"r":0.20392157137393951,"g":0.2823529541492462,"b":0.9411764740943909,"a":1}},"brand supportive/whis-60":{"value":{"r":0.20392157137393951,"g":0.2823529541492462,"b":0.9411764740943909,"a":0.5600000023841858}},"brand supportive/whis-10":{"value":{"r":0.20392157137393951,"g":0.2823529541492462,"b":0.9411764740943909,"a":0.07999999821186066}},"brand supportive/frieza":{"value":{"r":0.3607843220233917,"g":0.20000000298023224,"b":0.8117647171020508,"a":1}},"brand supportive/frieza-60":{"value":{"r":0.3607843220233917,"g":0.20000000298023224,"b":0.8117647171020508,"a":0.5600000023841858}},"brand supportive/frieza-10":{"value":{"r":0.3607843220233917,"g":0.20000000298023224,"b":0.8117647171020508,"a":0.07999999821186066}},"brand supportive/nappa":{"value":{"r":0.4470588266849518,"g":0.3333333432674408,"b":0.3137255012989044,"a":1}},"brand supportive/nappa-60":{"value":{"r":0.4470588266849518,"g":0.3333333432674408,"b":0.3137255012989044,"a":0.5600000023841858}},"brand supportive/nappa-10":{"value":{"r":0.4470588266849518,"g":0.3333333432674408,"b":0.3137255012989044,"a":0.07999999821186066}}}}